FingerPrint,Week,Iteration,Unscheduled,BaseFP,Count 
3.9038357664E10,17,1,0,0.0,1
1.94367796288E11,16,2,0,3.9038357664E10,1
5.60762140048E11,15,3,0,1.94367796288E11,1
1.068958977776E12,14,5,0,5.60762140048E11,1
1.875648782701E12,13,6,0,1.068958977776E12,1
3.024844980697E12,12,7,0,1.875648782701E12,1
4.795808027746E12,11,8,0,3.024844980697E12,1
7.449208164706E12,10,11,0,4.795808027746E12,1
1.0177511508274E13,9,13,0,7.449208164706E12,1
1.3877362553274E13,8,15,0,1.0177511508274E13,1
1.8147475880622E13,7,22,0,1.3877362553274E13,1
2.2341467298654E13,6,26,0,1.8147475880622E13,1
2.8848687291044E13,5,28,0,2.2341467298654E13,1
3.5046920096004E13,4,30,0,2.8848687291044E13,1
3.5134773130532E13,4,52,0,2.8848687291044E13,1
4.2715023128732E13,3,60,0,3.5134773130532E13,1
4.2715023128732E13,3,79,0,3.5134773130532E13,2
4.2715023128732E13,3,79,-1,-1,2
3.4823919389628E13,4,92,0,2.8848687291044E13,1
4.2161502688428E13,3,94,0,3.4823919389628E13,1
4.2161502688428E13,3,111,0,3.4823919389628E13,2
4.2161502688428E13,3,111,-1,-1,2
4.1032134434928E13,3,113,0,3.4823919389628E13,1
4.2161502688428E13,3,130,0,3.4823919389628E13,3
4.2161502688428E13,3,130,-1,-1,3
4.1188815332328E13,3,139,0,3.4823919389628E13,1
4.2161502688428E13,3,156,0,3.4823919389628E13,4
4.2161502688428E13,3,156,-1,-1,4
4.1032134434928E13,3,158,0,3.4823919389628E13,2
4.1032134434928E13,3,158,-1,-1,2
4.2161502688428E13,3,160,0,3.4823919389628E13,5
4.2161502688428E13,3,160,-1,-1,5
4.1032134434928E13,3,162,0,3.4823919389628E13,3
4.1032134434928E13,3,162,-1,-1,3
4.1032134434928E13,3,164,0,3.4823919389628E13,4
4.1032134434928E13,3,164,-1,-1,4
4.2161502688428E13,3,166,0,3.4823919389628E13,6
4.2161502688428E13,3,166,-1,-1,6
4.1032134434928E13,3,168,0,3.4823919389628E13,5
4.1032134434928E13,3,168,-1,-1,5
3.520423783902E13,4,183,0,2.8848687291044E13,1
4.089540953397E13,3,185,0,3.520423783902E13,1
3.5046920096004E13,4,217,0,2.8848687291044E13,2
3.5046920096004E13,4,217,-1,-1,2
3.4392567745996E13,4,219,0,2.8848687291044E13,1
4.2516168486946E13,3,221,0,3.4392567745996E13,1
4.2516168486946E13,3,238,0,3.4392567745996E13,2
4.2516168486946E13,3,238,-1,-1,2
4.2021017978596E13,3,244,0,3.4392567745996E13,1
4.2021017978596E13,3,265,0,3.4392567745996E13,2
4.2021017978596E13,3,265,-1,-1,2
4.2516168486946E13,3,269,0,3.4392567745996E13,3
4.2516168486946E13,3,269,-1,-1,3
4.2516168486946E13,3,271,0,3.4392567745996E13,4
4.2516168486946E13,3,271,-1,-1,4
4.2516168486946E13,3,273,0,3.4392567745996E13,5
4.2516168486946E13,3,273,-1,-1,5
3.5134773130532E13,4,285,0,2.8848687291044E13,2
3.5134773130532E13,4,285,-1,-1,2
3.47951487617E13,4,287,0,2.8848687291044E13,1
3.520423783902E13,4,305,0,2.8848687291044E13,2
3.520423783902E13,4,305,-1,-1,2
3.4392567745996E13,4,307,0,2.8848687291044E13,2
3.4392567745996E13,4,307,-1,-1,2
3.5251150836116E13,4,314,0,2.8848687291044E13,1
4.2928940375516E13,3,316,0,3.5251150836116E13,1
1.8908957196E11,16,336,0,3.9038357664E10,1
5.60274832872E11,15,337,0,1.8908957196E11,1
1.17523931812E12,14,338,0,5.60274832872E11,1
1.95945977967E12,13,341,0,1.17523931812E12,1
3.115091801238E12,12,342,0,1.95945977967E12,1
4.728733320413E12,11,343,0,3.115091801238E12,1
6.679641768989E12,10,344,0,4.728733320413E12,1
9.459270466178E12,9,345,0,6.679641768989E12,1
1.2338542440078E13,8,346,0,9.459270466178E12,1
1.7436509641581E13,7,347,0,1.2338542440078E13,1
2.1365258712333E13,6,348,0,1.7436509641581E13,1
2.7847127255379E13,5,351,0,2.1365258712333E13,1
3.4874242043695E13,4,359,0,2.7847127255379E13,1
3.4874242043695E13,4,376,0,2.7847127255379E13,2
3.4874242043695E13,4,376,-1,-1,2
3.4874242043695E13,4,380,0,2.7847127255379E13,3
3.4874242043695E13,4,380,-1,-1,3
3.4874242043695E13,4,384,0,2.7847127255379E13,4
3.4874242043695E13,4,384,-1,-1,4
3.4874242043695E13,4,388,0,2.7847127255379E13,5
3.4874242043695E13,4,388,-1,-1,5
2.7847127255379E13,5,392,0,2.1365258712333E13,2
2.7847127255379E13,5,392,-1,-1,2
2.7847127255379E13,5,395,0,2.1365258712333E13,3
2.7847127255379E13,5,395,-1,-1,3
2.7505910773019E13,5,396,0,2.1365258712333E13,1
3.5647173640631E13,4,400,0,2.7505910773019E13,1
4.3200802618031E13,3,412,0,3.5647173640631E13,1
4.3200802618031E13,3,433,0,3.5647173640631E13,2
4.3200802618031E13,3,433,-1,-1,2
4.3200802618031E13,3,435,0,3.5647173640631E13,3
4.3200802618031E13,3,435,-1,-1,3
3.5647173640631E13,4,446,0,2.7505910773019E13,2
3.5647173640631E13,4,446,-1,-1,2
2.7847127255379E13,5,460,0,2.1365258712333E13,4
2.7847127255379E13,5,460,-1,-1,4
2.7505910773019E13,5,461,0,2.1365258712333E13,2
2.7505910773019E13,5,461,-1,-1,2
2.7847127255379E13,5,464,0,2.1365258712333E13,5
2.7847127255379E13,5,464,-1,-1,5
2.7505910773019E13,5,465,0,2.1365258712333E13,3
2.7505910773019E13,5,465,-1,-1,3
2.7505910773019E13,5,466,0,2.1365258712333E13,4
2.7505910773019E13,5,466,-1,-1,4
2.7847127255379E13,5,469,0,2.1365258712333E13,6
2.7847127255379E13,5,469,-1,-1,6
2.7847127255379E13,5,472,0,2.1365258712333E13,7
2.7847127255379E13,5,472,-1,-1,7
2.1687048511917E13,6,473,0,1.7436509641581E13,1
2.7827700572603E13,5,478,0,2.1687048511917E13,1
2.8168917054963E13,5,497,0,2.1687048511917E13,1
3.4738104581207E13,4,499,0,2.8168917054963E13,1
4.2308138327507E13,3,504,0,3.4738104581207E13,1
4.2361401038507E13,3,527,0,3.4738104581207E13,1
2.7513527943781E13,5,574,0,2.1687048511917E13,1
3.4610865054281E13,4,575,0,2.7513527943781E13,1
3.4610865054281E13,4,591,0,2.7513527943781E13,2
3.4610865054281E13,4,591,-1,-1,2
3.4610865054281E13,4,592,0,2.7513527943781E13,3
3.4610865054281E13,4,592,-1,-1,3
3.4610865054281E13,4,593,0,2.7513527943781E13,4
3.4610865054281E13,4,593,-1,-1,4
3.4610865054281E13,4,594,0,2.7513527943781E13,5
3.4610865054281E13,4,594,-1,-1,5
3.4610865054281E13,4,595,0,2.7513527943781E13,6
3.4610865054281E13,4,595,-1,-1,6
3.4610865054281E13,4,596,0,2.7513527943781E13,7
3.4610865054281E13,4,596,-1,-1,7
3.4610865054281E13,4,597,0,2.7513527943781E13,8
3.4610865054281E13,4,597,-1,-1,8
3.4610865054281E13,4,598,0,2.7513527943781E13,9
3.4610865054281E13,4,598,-1,-1,9
3.4610865054281E13,4,599,0,2.7513527943781E13,10
3.4610865054281E13,4,599,-1,-1,10
3.4610865054281E13,4,600,0,2.7513527943781E13,11
3.4610865054281E13,4,600,-1,-1,11
3.4610865054281E13,4,601,0,2.7513527943781E13,12
3.4610865054281E13,4,601,-1,-1,12
3.4610865054281E13,4,602,0,2.7513527943781E13,13
3.4610865054281E13,4,602,-1,-1,13
3.4610865054281E13,4,603,0,2.7513527943781E13,14
3.4610865054281E13,4,603,-1,-1,14
3.4610865054281E13,4,604,0,2.7513527943781E13,15
3.4610865054281E13,4,604,-1,-1,15
3.4610865054281E13,4,605,0,2.7513527943781E13,16
3.4610865054281E13,4,605,-1,-1,16
2.8168917054963E13,5,608,0,2.1687048511917E13,2
2.8168917054963E13,5,608,-1,-1,2
2.8168917054963E13,5,612,0,2.1687048511917E13,3
2.8168917054963E13,5,612,-1,-1,3
2.8168917054963E13,5,615,0,2.1687048511917E13,4
2.8168917054963E13,5,615,-1,-1,4
2.8168917054963E13,5,618,0,2.1687048511917E13,5
2.8168917054963E13,5,618,-1,-1,5
1.94367796288E11,16,622,0,3.9038357664E10,2
5.39573889454E11,15,623,0,1.94367796288E11,1
1.107941137806E12,14,625,0,5.39573889454E11,1
1.842202913781E12,13,627,0,1.107941137806E12,1
3.070600194081E12,12,628,0,1.842202913781E12,1
4.566610580224E12,11,630,0,3.070600194081E12,1
6.743114355072E12,10,632,0,4.566610580224E12,1
9.77519209827E12,9,635,0,6.743114355072E12,1
1.381278960267E13,8,637,0,9.77519209827E12,1
1.789961175153E13,7,638,0,1.381278960267E13,1
2.3205161791386E13,6,639,0,1.789961175153E13,1
2.8720445996882E13,5,641,0,2.3205161791386E13,1
3.6252684208506E13,4,642,0,2.8720445996882E13,1
2.8527279915904E13,5,675,0,2.3205161791386E13,1
3.4873513039008E13,4,685,0,2.8527279915904E13,1
3.5297926733832E13,4,704,0,2.8527279915904E13,1
3.5465342229072E13,4,721,0,2.8527279915904E13,1
4.1479936005672E13,3,727,0,3.5465342229072E13,1
4.1479936005672E13,3,755,0,3.5465342229072E13,2
4.1479936005672E13,3,755,-1,-1,2
3.4873513039008E13,4,763,0,2.8527279915904E13,2
3.4873513039008E13,4,763,-1,-1,2
3.4873513039008E13,4,769,0,2.8527279915904E13,3
3.4873513039008E13,4,769,-1,-1,3
2.7728217692958E13,5,773,0,2.3205161791386E13,1
2.7728217692958E13,5,789,0,2.3205161791386E13,2
2.7728217692958E13,5,789,-1,-1,2
2.7728217692958E13,5,798,0,2.3205161791386E13,3
2.7728217692958E13,5,798,-1,-1,3
2.7728217692958E13,5,799,0,2.3205161791386E13,4
2.7728217692958E13,5,799,-1,-1,4
2.7728217692958E13,5,800,0,2.3205161791386E13,5
2.7728217692958E13,5,800,-1,-1,5
2.7728217692958E13,5,801,0,2.3205161791386E13,6
2.7728217692958E13,5,801,-1,-1,6
2.2930624606554E13,6,805,0,1.789961175153E13,1
2.3618626954938E13,6,825,0,1.789961175153E13,1
2.8524865461458E13,5,832,0,2.3618626954938E13,1
3.0115939433868E13,5,849,0,2.3618626954938E13,1
3.648026404062E13,4,852,0,3.0115939433868E13,1
4.185385161327E13,3,862,0,3.648026404062E13,1
4.383146761092E13,3,880,0,3.648026404062E13,1
2.06643890608E11,16,913,0,3.9038357664E10,1
5.70419139382E11,15,914,0,2.06643890608E11,1
1.115992197494E12,14,916,0,5.70419139382E11,1
1.837932398644E12,13,918,0,1.115992197494E12,1
2.77336794802E12,12,919,0,1.837932398644E12,1
4.466637997253E12,11,920,0,2.77336794802E12,1
7.035636030341E12,10,922,0,4.466637997253E12,1
1.0028022393866E13,9,923,0,7.035636030341E12,1
1.2897851420266E13,8,926,0,1.0028022393866E13,1
1.6646044652236E13,7,935,0,1.2897851420266E13,1
2.2273568649676E13,6,936,0,1.6646044652236E13,1
2.7410768174094E13,5,938,0,2.2273568649676E13,1
3.428100507789E13,4,953,0,2.7410768174094E13,1
2.8481585670908E13,5,988,0,2.2273568649676E13,1
3.5836019817324E13,4,993,0,2.8481585670908E13,1
3.4816680504444E13,4,1020,0,2.8481585670908E13,1
2.8080249885668E13,5,1051,0,2.2273568649676E13,1
2.8080249885668E13,5,1067,0,2.2273568649676E13,2
2.8080249885668E13,5,1067,-1,-1,2
2.7530475800613E13,5,1069,0,2.2273568649676E13,1
3.3630749969413E13,4,1070,0,2.7530475800613E13,1
3.3630749969413E13,4,1086,0,2.7530475800613E13,2
3.3630749969413E13,4,1086,-1,-1,2
3.3630749969413E13,4,1087,0,2.7530475800613E13,3
3.3630749969413E13,4,1087,-1,-1,3
3.3630749969413E13,4,1088,0,2.7530475800613E13,4
3.3630749969413E13,4,1088,-1,-1,4
3.4410400494605E13,4,1090,0,2.7530475800613E13,1
3.3663058855981E13,4,1108,0,2.7530475800613E13,1
3.3630749969413E13,4,1124,0,2.7530475800613E13,5
3.3630749969413E13,4,1124,-1,-1,5
3.3630749969413E13,4,1125,0,2.7530475800613E13,6
3.3630749969413E13,4,1125,-1,-1,6
3.3630749969413E13,4,1126,0,2.7530475800613E13,7
3.3630749969413E13,4,1126,-1,-1,7
3.4223835997717E13,4,1128,0,2.7530475800613E13,1
4.2852542998417E13,3,1130,0,3.4223835997717E13,1
3.3217198216309E13,4,1161,0,2.7530475800613E13,1
3.3021215788493E13,4,1178,0,2.7530475800613E13,1
3.3630749969413E13,4,1194,0,2.7530475800613E13,8
3.3630749969413E13,4,1194,-1,-1,8
3.4410400494605E13,4,1196,0,2.7530475800613E13,2
3.4410400494605E13,4,1196,-1,-1,2
3.3021215788493E13,4,1198,0,2.7530475800613E13,2
3.3021215788493E13,4,1198,-1,-1,2
3.4628264150349E13,4,1200,0,2.7530475800613E13,1
4.3063206551049E13,3,1201,0,3.4628264150349E13,1
1.94367796288E11,16,1218,0,3.9038357664E10,3
5.60762140048E11,15,1219,0,1.94367796288E11,2
5.60762140048E11,15,1219,-1,-1,2
4.90052270986E11,15,1221,0,1.94367796288E11,1
1.095746118858E12,14,1223,0,4.90052270986E11,1
2.069543937508E12,13,1228,0,1.095746118858E12,1
3.501583533052E12,12,1231,0,2.069543937508E12,1
4.645364766059E12,11,1232,0,3.501583533052E12,1
6.705365593835E12,10,1234,0,4.645364766059E12,1
1.0051313336579E13,9,1235,0,6.705365593835E12,1
1.3027126407779E13,8,1238,0,1.0051313336579E13,1
1.6823321463718E13,7,1239,0,1.3027126407779E13,1
2.1720770183206E13,6,1243,0,1.6823321463718E13,1
2.7857975169144E13,5,1255,0,2.1720770183206E13,1
3.497727600848E13,4,1259,0,2.7857975169144E13,1
3.4631491388264E13,4,1275,0,2.7857975169144E13,1
4.3348790419964E13,3,1276,0,3.4631491388264E13,1
4.3907519820914E13,3,1293,0,3.4631491388264E13,1
4.3348790419964E13,3,1310,0,3.4631491388264E13,2
4.3348790419964E13,3,1310,-1,-1,2
4.3348790419964E13,3,1311,0,3.4631491388264E13,3
4.3348790419964E13,3,1311,-1,-1,3
4.3487323153064E13,3,1312,0,3.4631491388264E13,1
4.3768987087814E13,3,1329,0,3.4631491388264E13,1
4.2140778545114E13,3,1345,0,3.4631491388264E13,1
4.3768987087814E13,3,1364,0,3.4631491388264E13,2
4.3768987087814E13,3,1364,-1,-1,2
4.4315263217114E13,3,1370,0,3.4631491388264E13,1
4.3907519820914E13,3,1387,0,3.4631491388264E13,2
4.3907519820914E13,3,1387,-1,-1,2
4.3487323153064E13,3,1388,0,3.4631491388264E13,2
4.3487323153064E13,3,1388,-1,-1,2
4.3907519820914E13,3,1392,0,3.4631491388264E13,3
4.3907519820914E13,3,1392,-1,-1,3
4.3907519820914E13,3,1394,0,3.4631491388264E13,4
4.3907519820914E13,3,1394,-1,-1,4
3.4385498312712E13,4,1401,0,2.7857975169144E13,1
3.467561929788E13,4,1420,0,2.7857975169144E13,1
3.5776344872248E13,4,1437,0,2.7857975169144E13,1
3.4385498312712E13,4,1453,0,2.7857975169144E13,2
3.4385498312712E13,4,1453,-1,-1,2
3.5712615389536E13,4,1457,0,2.7857975169144E13,1
3.6212465669416E13,4,1484,0,2.7857975169144E13,1
3.5776344872248E13,4,1501,0,2.7857975169144E13,2
3.5776344872248E13,4,1501,-1,-1,2
3.49202682462E13,4,1502,0,2.7857975169144E13,1
2.06643890608E11,16,1520,0,3.9038357664E10,2
5.8882491736E11,15,1521,0,2.06643890608E11,1
1.166682492944E12,14,1522,0,5.8882491736E11,1
1.920462568144E12,13,1523,0,1.166682492944E12,1
3.066012259576E12,12,1524,0,1.920462568144E12,1
4.4473617867E12,11,1525,0,3.066012259576E12,1
7.112395358476E12,10,1526,0,4.4473617867E12,1
9.936862563085E12,9,1529,0,7.112395358476E12,1
1.3345306610585E13,8,1530,0,9.936862563085E12,1
1.7776969196089E13,7,1532,0,1.3345306610585E13,1
2.2947957765337E13,6,1534,0,1.7776969196089E13,1
2.8801134327804E13,5,1538,0,2.2947957765337E13,1
3.502909995566E13,4,1539,0,2.8801134327804E13,1
3.998050733831E13,3,1543,0,3.502909995566E13,1
3.3540212694372E13,4,1581,0,2.8801134327804E13,1
3.450764484568E13,4,1598,0,2.8801134327804E13,1
3.488468128644E13,4,1615,0,2.8801134327804E13,1
3.42356633622E13,4,1634,0,2.8801134327804E13,1
4.0833346932E13,3,1647,0,3.42356633622E13,1
4.017257983935E13,3,1665,0,3.42356633622E13,1
2.878043153442E13,5,1722,0,2.2947957765337E13,1
3.5528460013696E13,4,1724,0,2.878043153442E13,1
3.5381637129488E13,4,1741,0,2.878043153442E13,1
4.2464241006638E13,3,1751,0,3.5381637129488E13,1
4.2464241006638E13,3,1775,0,3.5381637129488E13,2
4.2464241006638E13,3,1775,-1,-1,2
4.1963673493238E13,3,1779,0,3.5381637129488E13,1
3.5037053950464E13,4,1816,0,2.878043153442E13,1
4.1623554944214E13,3,1818,0,3.5037053950464E13,1
1.8153420232E11,16,1835,0,3.9038357664E10,1
4.7051579461E11,15,1836,0,1.8153420232E11,1
9.45375879474E11,14,1841,0,4.7051579461E11,1
1.919825169774E12,13,1842,0,9.45375879474E11,1
2.91968798721E12,12,1843,0,1.919825169774E12,1
4.934040512549E12,11,1844,0,2.91968798721E12,1
6.763751959845E12,10,1846,0,4.934040512549E12,1
9.703281740565E12,9,1847,0,6.763751959845E12,1
1.3814975375165E13,8,1848,0,9.703281740565E12,1
1.820236336625E13,7,1850,0,1.3814975375165E13,1
2.358552577961E13,6,1858,0,1.820236336625E13,1
2.980560994536E13,5,1864,0,2.358552577961E13,1
3.6383222332272E13,4,1865,0,2.980560994536E13,1
3.6948315284248E13,4,1882,0,2.980560994536E13,1
4.3847978241748E13,3,1887,0,3.6948315284248E13,1
4.2248263407448E13,3,1911,0,3.6948315284248E13,1
4.3847978241748E13,3,1928,0,3.6948315284248E13,2
4.3847978241748E13,3,1928,-1,-1,2
3.5993354563352E13,4,1943,0,2.980560994536E13,1
3.6362414087136E13,4,1959,0,2.980560994536E13,1
3.6162093074272E13,4,1976,0,2.980560994536E13,1
3.5993354563352E13,4,1995,0,2.980560994536E13,2
3.5993354563352E13,4,1995,-1,-1,2
3.6362414087136E13,4,1996,0,2.980560994536E13,2
3.6362414087136E13,4,1996,-1,-1,2
3.6383386040488E13,4,1997,0,2.980560994536E13,1
3.6383386040488E13,4,2015,0,2.980560994536E13,2
3.6383386040488E13,4,2015,-1,-1,2
3.5993354563352E13,4,2025,0,2.980560994536E13,3
3.5993354563352E13,4,2025,-1,-1,3
3.6383222332272E13,4,2026,0,2.980560994536E13,2
3.6383222332272E13,4,2026,-1,-1,2
2.9847827641686E13,5,2029,0,2.358552577961E13,1
3.665433244323E13,4,2030,0,2.9847827641686E13,1
4.301864705568E13,3,2043,0,3.665433244323E13,1
4.301864705568E13,3,2060,0,3.665433244323E13,2
4.301864705568E13,3,2060,-1,-1,2
3.6679817044134E13,4,2083,0,2.9847827641686E13,1
4.3499470854834E13,3,2085,0,3.6679817044134E13,1
4.3499470854834E13,3,2102,0,3.6679817044134E13,2
4.3499470854834E13,3,2102,-1,-1,2
4.3749279721584E13,3,2104,0,3.6679817044134E13,1
4.3499470854834E13,3,2121,0,3.6679817044134E13,3
4.3499470854834E13,3,2121,-1,-1,3
4.3797220871184E13,3,2123,0,3.6679817044134E13,1
2.06643890608E11,16,2141,0,3.9038357664E10,3
5.77988381266E11,15,2142,0,2.06643890608E11,1
1.062240491794E12,14,2144,0,5.77988381266E11,1
1.964890394269E12,13,2145,0,1.062240491794E12,1
2.837074140673E12,12,2146,0,1.964890394269E12,1
4.647450295337E12,11,2147,0,2.837074140673E12,1
6.607291332265E12,10,2148,0,4.647450295337E12,1
9.786231657034E12,9,2149,0,6.607291332265E12,1
1.2933391187934E13,8,2151,0,9.786231657034E12,1
1.7347392736616E13,7,2155,0,1.2933391187934E13,1
2.1852124938776E13,6,2156,0,1.7347392736616E13,1
2.7067798319499E13,5,2157,0,2.1852124938776E13,1
3.4525476371239E13,4,2160,0,2.7067798319499E13,1
3.5111679292123E13,4,2176,0,2.7067798319499E13,1
3.5136487450379E13,4,2192,0,2.7067798319499E13,1
3.4260853335947E13,4,2211,0,2.7067798319499E13,1
3.3990500577579E13,4,2227,0,2.7067798319499E13,1
3.3535818687623E13,4,2245,0,2.7067798319499E13,1
4.2861011708723E13,3,2246,0,3.3535818687623E13,1
3.5136487450379E13,4,2277,0,2.7067798319499E13,2
3.5136487450379E13,4,2277,-1,-1,2
3.3721579365775E13,4,2278,0,2.7067798319499E13,1
3.5111679292123E13,4,2294,0,2.7067798319499E13,2
3.5111679292123E13,4,2294,-1,-1,2
3.3990500577579E13,4,2295,0,2.7067798319499E13,2
3.3990500577579E13,4,2295,-1,-1,2
3.3990500577579E13,4,2296,0,2.7067798319499E13,3
3.3990500577579E13,4,2296,-1,-1,3
3.5136487450379E13,4,2297,0,2.7067798319499E13,3
3.5136487450379E13,4,2297,-1,-1,3
3.4454320647467E13,4,2305,0,2.7067798319499E13,1
3.4547745484931E13,4,2325,0,2.7067798319499E13,1
3.4217985490535E13,4,2342,0,2.7067798319499E13,1
3.5111679292123E13,4,2358,0,2.7067798319499E13,3
3.5111679292123E13,4,2358,-1,-1,3
3.5111679292123E13,4,2359,0,2.7067798319499E13,4
3.5111679292123E13,4,2359,-1,-1,4
3.3535818687623E13,4,2368,0,2.7067798319499E13,2
3.3535818687623E13,4,2368,-1,-1,2
3.5136487450379E13,4,2369,0,2.7067798319499E13,4
3.5136487450379E13,4,2369,-1,-1,4
3.3990500577579E13,4,2370,0,2.7067798319499E13,4
3.3990500577579E13,4,2370,-1,-1,4
2.6547068276159E13,5,2385,0,2.1852124938776E13,1
2.7067798319499E13,5,2414,0,2.1852124938776E13,2
2.7067798319499E13,5,2414,-1,-1,2
2.7067798319499E13,5,2415,0,2.1852124938776E13,3
2.7067798319499E13,5,2415,-1,-1,3
1.8153420232E11,16,2417,0,3.9038357664E10,2
4.7051579461E11,15,2418,0,1.8153420232E11,2
4.7051579461E11,15,2418,-1,-1,2
4.70211738916E11,15,2421,0,1.8153420232E11,1
1.0861793177E12,14,2423,0,4.70211738916E11,1
2.0259226109E12,13,2424,0,1.0861793177E12,1
3.206027646488E12,12,2425,0,2.0259226109E12,1
4.879460376226E12,11,2427,0,3.206027646488E12,1
7.42732383485E12,10,2430,0,4.879460376226E12,1
1.007508080855E13,9,2431,0,7.42732383485E12,1
1.325644979125E13,8,2432,0,1.007508080855E13,1
1.7970118367658E13,7,2434,0,1.325644979125E13,1
2.283746634897E13,6,2437,0,1.7970118367658E13,1
2.9362810622145E13,5,2441,0,2.283746634897E13,1
3.6783369521801E13,4,2445,0,2.9362810622145E13,1
3.6783369521801E13,4,2462,0,2.9362810622145E13,2
3.6783369521801E13,4,2462,-1,-1,2
3.5175822114545E13,4,2467,0,2.9362810622145E13,1
3.5175822114545E13,4,2483,0,2.9362810622145E13,2
3.5175822114545E13,4,2483,-1,-1,2
3.7524987662113E13,4,2487,0,2.9362810622145E13,1
3.4806760574705E13,4,2506,0,2.9362810622145E13,1
3.6980822637969E13,4,2524,0,2.9362810622145E13,1
3.5175822114545E13,4,2547,0,2.9362810622145E13,3
3.5175822114545E13,4,2547,-1,-1,3
3.6783369521801E13,4,2551,0,2.9362810622145E13,3
3.6783369521801E13,4,2551,-1,-1,3
2.257550629953E13,6,2571,0,1.7970118367658E13,1
2.8913998591311E13,5,2578,0,2.257550629953E13,1
3.5621496972055E13,4,2580,0,2.8913998591311E13,1
3.4145289696351E13,4,2606,0,2.8913998591311E13,1
3.4755314803175E13,4,2622,0,2.8913998591311E13,1
3.5621496972055E13,4,2638,0,2.8913998591311E13,2
3.5621496972055E13,4,2638,-1,-1,2
3.4755314803175E13,4,2639,0,2.8913998591311E13,2
3.4755314803175E13,4,2639,-1,-1,2
3.4755314803175E13,4,2640,0,2.8913998591311E13,3
3.4755314803175E13,4,2640,-1,-1,3
3.5206028894023E13,4,2642,0,2.8913998591311E13,1
3.4755314803175E13,4,2663,0,2.8913998591311E13,4
3.4755314803175E13,4,2663,-1,-1,4
3.4755314803175E13,4,2664,0,2.8913998591311E13,5
3.4755314803175E13,4,2664,-1,-1,5
3.4755314803175E13,4,2668,0,2.8913998591311E13,6
3.4755314803175E13,4,2668,-1,-1,6
3.4755314803175E13,4,2669,0,2.8913998591311E13,7
3.4755314803175E13,4,2669,-1,-1,7
2.743117984888E13,5,2673,0,2.257550629953E13,1
3.376801807282E13,4,2680,0,2.743117984888E13,1
3.2481457758564E13,4,2706,0,2.743117984888E13,1
4.1758624578264E13,3,2712,0,3.2481457758564E13,1
1.99814425896E11,16,2729,0,3.9038357664E10,1
5.09781475884E11,15,2731,0,1.99814425896E11,1
1.034966959852E12,14,2735,0,5.09781475884E11,1
1.879471848077E12,13,2736,0,1.034966959852E12,1
3.100448928761E12,12,2737,0,1.879471848077E12,1
4.931693448474E12,11,2740,0,3.100448928761E12,1
7.405065109274E12,10,2743,0,4.931693448474E12,1
1.0279236079013E13,9,2744,0,7.405065109274E12,1
1.3649120477013E13,8,2745,0,1.0279236079013E13,1
1.7269274651353E13,7,2747,0,1.3649120477013E13,1
2.1857571126745E13,6,2748,0,1.7269274651353E13,1
2.7796601123684E13,5,2749,0,2.1857571126745E13,1
3.4612378413964E13,4,2750,0,2.7796601123684E13,1
3.4780173229376E13,4,2768,0,2.7796601123684E13,1
3.4856774150864E13,4,2788,0,2.7796601123684E13,1
4.2220999286114E13,3,2793,0,3.4856774150864E13,1
4.2954383982614E13,3,2816,0,3.4856774150864E13,1
3.4371405344508E13,4,2857,0,2.7796601123684E13,1
3.4371405344508E13,4,2875,0,2.7796601123684E13,2
3.4371405344508E13,4,2875,-1,-1,2
3.5438024316192E13,4,2878,0,2.7796601123684E13,1
3.4612378413964E13,4,2896,0,2.7796601123684E13,2
3.4612378413964E13,4,2896,-1,-1,2
3.4612378413964E13,4,2897,0,2.7796601123684E13,3
3.4612378413964E13,4,2897,-1,-1,3
3.4612378413964E13,4,2898,0,2.7796601123684E13,4
3.4612378413964E13,4,2898,-1,-1,4
3.489216693534E13,4,2908,0,2.7796601123684E13,1
4.247904474819E13,3,2911,0,3.489216693534E13,1
4.247904474819E13,3,2931,0,3.489216693534E13,2
4.247904474819E13,3,2931,-1,-1,2
4.247904474819E13,3,2939,0,3.489216693534E13,3
4.247904474819E13,3,2939,-1,-1,3
3.4422621555512E13,4,2948,0,2.7796601123684E13,1
3.379015517918E13,4,2966,0,2.7796601123684E13,1
3.4856774150864E13,4,2989,0,2.7796601123684E13,2
3.4856774150864E13,4,2989,-1,-1,2
3.4607903038752E13,4,2992,0,2.7796601123684E13,1
3.3216238385016E13,4,3014,0,2.7796601123684E13,1
4.1200114835166E13,3,3018,0,3.3216238385016E13,1
4.1200114835166E13,3,3041,0,3.3216238385016E13,2
4.1200114835166E13,3,3041,-1,-1,2
4.1200114835166E13,3,3045,0,3.3216238385016E13,3
4.1200114835166E13,3,3045,-1,-1,3
3.5193628579292E13,4,3049,0,2.7796601123684E13,1
1.94367796288E11,16,3051,0,3.9038357664E10,4
5.18956967896E11,15,3052,0,1.94367796288E11,1
1.183018614232E12,14,3053,0,5.18956967896E11,1
1.932480673482E12,13,3056,0,1.183018614232E12,1
3.046855153962E12,12,3057,0,1.932480673482E12,1
4.297935511664E12,11,3058,0,3.046855153962E12,1
6.96666124568E12,10,3064,0,4.297935511664E12,1
9.958120935509E12,9,3066,0,6.96666124568E12,1
1.3480738303409E13,8,3068,0,9.958120935509E12,1
1.8299913812337E13,7,3071,0,1.3480738303409E13,1
2.3772348385761E13,6,3073,0,1.8299913812337E13,1
3.0281297718478E13,5,3075,0,2.3772348385761E13,1
3.6149895609774E13,4,3080,0,3.0281297718478E13,1
4.4207186080524E13,3,3081,0,3.6149895609774E13,1
4.2674997555924E13,3,3098,0,3.6149895609774E13,1
4.4207186080524E13,3,3114,0,3.6149895609774E13,2
4.4207186080524E13,3,3114,-1,-1,2
4.4207186080524E13,3,3115,0,3.6149895609774E13,3
4.4207186080524E13,3,3115,-1,-1,3
4.3549237350924E13,3,3116,0,3.6149895609774E13,1
4.2674997555924E13,3,3133,0,3.6149895609774E13,2
4.2674997555924E13,3,3133,-1,-1,2
4.4207186080524E13,3,3134,0,3.6149895609774E13,4
4.4207186080524E13,3,3134,-1,-1,4
4.4207186080524E13,3,3135,0,3.6149895609774E13,5
4.4207186080524E13,3,3135,-1,-1,5
4.4207186080524E13,3,3136,0,3.6149895609774E13,6
4.4207186080524E13,3,3136,-1,-1,6
4.4207186080524E13,3,3137,0,3.6149895609774E13,7
4.4207186080524E13,3,3137,-1,-1,7
4.4207186080524E13,3,3138,0,3.6149895609774E13,8
4.4207186080524E13,3,3138,-1,-1,8
4.2527911171074E13,3,3143,0,3.6149895609774E13,1
4.2527911171074E13,3,3161,0,3.6149895609774E13,2
4.2527911171074E13,3,3161,-1,-1,2
4.4207186080524E13,3,3162,0,3.6149895609774E13,9
4.4207186080524E13,3,3162,-1,-1,9
4.4207186080524E13,3,3163,0,3.6149895609774E13,10
4.4207186080524E13,3,3163,-1,-1,10
4.3557406872774E13,3,3165,0,3.6149895609774E13,1
4.3557406872774E13,3,3182,0,3.6149895609774E13,2
4.3557406872774E13,3,3182,-1,-1,2
4.2084418173324E13,3,3188,0,3.6149895609774E13,1
4.4207186080524E13,3,3204,0,3.6149895609774E13,11
4.4207186080524E13,3,3204,-1,-1,11
4.4207186080524E13,3,3205,0,3.6149895609774E13,12
4.4207186080524E13,3,3205,-1,-1,12
4.1936141738724E13,3,3207,0,3.6149895609774E13,1
4.4207186080524E13,3,3223,0,3.6149895609774E13,13
4.4207186080524E13,3,3223,-1,-1,13
4.4207186080524E13,3,3224,0,3.6149895609774E13,14
4.4207186080524E13,3,3224,-1,-1,14
4.1936141738724E13,3,3226,0,3.6149895609774E13,2
4.1936141738724E13,3,3226,-1,-1,2
4.4207186080524E13,3,3227,0,3.6149895609774E13,15
4.4207186080524E13,3,3227,-1,-1,15
4.4207186080524E13,3,3228,0,3.6149895609774E13,16
4.4207186080524E13,3,3228,-1,-1,16
4.3557406872774E13,3,3230,0,3.6149895609774E13,3
4.3557406872774E13,3,3230,-1,-1,3
4.4207186080524E13,3,3231,0,3.6149895609774E13,17
4.4207186080524E13,3,3231,-1,-1,17
4.4207186080524E13,3,3232,0,3.6149895609774E13,18
4.4207186080524E13,3,3232,-1,-1,18
4.1936141738724E13,3,3234,0,3.6149895609774E13,3
4.1936141738724E13,3,3234,-1,-1,3
4.3549237350924E13,3,3235,0,3.6149895609774E13,2
4.3549237350924E13,3,3235,-1,-1,2
3.6382217316454E13,4,3242,0,3.0281297718478E13,1
3.498538144419E13,4,3262,0,3.0281297718478E13,1
4.222212787044E13,3,3271,0,3.498538144419E13,1
4.253200235919E13,3,3291,0,3.498538144419E13,1
4.253200235919E13,3,3310,0,3.498538144419E13,2
4.253200235919E13,3,3310,-1,-1,2
3.606256330687E13,4,3336,0,3.0281297718478E13,1
3.6149895609774E13,4,3357,0,3.0281297718478E13,2
3.6149895609774E13,4,3357,-1,-1,2
3.6382217316454E13,4,3359,0,3.0281297718478E13,2
3.6382217316454E13,4,3359,-1,-1,2
3.6382217316454E13,4,3362,0,3.0281297718478E13,3
3.6382217316454E13,4,3362,-1,-1,3
1.87018973712E11,16,3372,0,3.9038357664E10,1
5.43532781592E11,15,3373,0,1.87018973712E11,1
1.126439094872E12,14,3374,0,5.43532781592E11,1
1.982691000472E12,13,3381,0,1.126439094872E12,1
3.178468500088E12,12,3384,0,1.982691000472E12,1
4.573249835378E12,11,3386,0,3.178468500088E12,1
6.699289938994E12,10,3387,0,4.573249835378E12,1
9.842317215355E12,9,3388,0,6.699289938994E12,1
1.3372666647855E13,8,3390,0,9.842317215355E12,1
1.7378772555703E13,7,3392,0,1.3372666647855E13,1
2.2654372900999E13,6,3397,0,1.7378772555703E13,1
2.785407648848E13,5,3398,0,2.2654372900999E13,1
2.8893849635412E13,5,3414,0,2.2654372900999E13,1
3.4675474442412E13,4,3417,0,2.8893849635412E13,1
3.5255740912748E13,4,3445,0,2.8893849635412E13,1
3.5255740912748E13,4,3467,0,2.8893849635412E13,2
3.5255740912748E13,4,3467,-1,-1,2
3.5273923035812E13,4,3471,0,2.8893849635412E13,1
4.2262546197662E13,3,3473,0,3.5273923035812E13,1
4.2262546197662E13,3,3490,0,3.5273923035812E13,2
4.2262546197662E13,3,3490,-1,-1,2
4.2262546197662E13,3,3492,0,3.5273923035812E13,3
4.2262546197662E13,3,3492,-1,-1,3
4.3433797303862E13,3,3499,0,3.5273923035812E13,1
4.3433797303862E13,3,3516,0,3.5273923035812E13,2
4.3433797303862E13,3,3516,-1,-1,2
4.2985126262312E13,3,3519,0,3.5273923035812E13,1
4.3433797303862E13,3,3536,0,3.5273923035812E13,3
4.3433797303862E13,3,3536,-1,-1,3
4.2985126262312E13,3,3541,0,3.5273923035812E13,2
4.2985126262312E13,3,3541,-1,-1,2
3.5087971877216E13,4,3554,0,2.8893849635412E13,1
2.7989511064198E13,5,3586,0,2.2654372900999E13,1
3.4137892803642E13,4,3587,0,2.7989511064198E13,1
4.1495885320092E13,3,3591,0,3.4137892803642E13,1
4.1495885320092E13,3,3618,0,3.4137892803642E13,2
4.1495885320092E13,3,3618,-1,-1,2
3.4137892803642E13,4,3625,0,2.7989511064198E13,2
3.4137892803642E13,4,3625,-1,-1,2
3.4137892803642E13,4,3626,0,2.7989511064198E13,3
3.4137892803642E13,4,3626,-1,-1,3
3.4137892803642E13,4,3627,0,2.7989511064198E13,4
3.4137892803642E13,4,3627,-1,-1,4
3.5121957461638E13,4,3631,0,2.7989511064198E13,1
4.2741206605888E13,3,3636,0,3.5121957461638E13,1
4.2741206605888E13,3,3659,0,3.5121957461638E13,2
4.2741206605888E13,3,3659,-1,-1,2
4.2296587767538E13,3,3662,0,3.5121957461638E13,1
4.2741206605888E13,3,3680,0,3.5121957461638E13,3
4.2741206605888E13,3,3680,-1,-1,3
4.2741206605888E13,3,3683,0,3.5121957461638E13,4
4.2741206605888E13,3,3683,-1,-1,4
4.2741206605888E13,3,3687,0,3.5121957461638E13,5
4.2741206605888E13,3,3687,-1,-1,5
4.2741206605888E13,3,3691,0,3.5121957461638E13,6
4.2741206605888E13,3,3691,-1,-1,6
1.94367796288E11,16,3694,0,3.9038357664E10,5
5.25350377078E11,15,3695,0,1.94367796288E11,1
1.090780903798E12,14,3697,0,5.25350377078E11,1
1.812766505823E12,13,3698,0,1.090780903798E12,1
3.266322150447E12,12,3699,0,1.812766505823E12,1
4.815151799009E12,11,3700,0,3.266322150447E12,1
7.009031537569E12,10,3701,0,4.815151799009E12,1
9.663505966576E12,9,3702,0,7.009031537569E12,1
1.2615220280976E13,8,3703,0,9.663505966576E12,1
1.7480002169976E13,7,3711,0,1.2615220280976E13,1
2.2737777999432E13,6,3713,0,1.7480002169976E13,1
2.9566797225604E13,5,3716,0,2.2737777999432E13,1
3.4395394614156E13,4,3717,0,2.9566797225604E13,1
3.545359245074E13,4,3733,0,2.9566797225604E13,1
3.6032643450596E13,4,3749,0,2.9566797225604E13,1
3.545359245074E13,4,3765,0,2.9566797225604E13,2
3.545359245074E13,4,3765,-1,-1,2
3.545359245074E13,4,3769,0,2.9566797225604E13,3
3.545359245074E13,4,3769,-1,-1,3
3.4603472494012E13,4,3771,0,2.9566797225604E13,1
3.4548328950452E13,4,3790,0,2.9566797225604E13,1
3.4395394614156E13,4,3806,0,2.9566797225604E13,2
3.4395394614156E13,4,3806,-1,-1,2
3.4395394614156E13,4,3807,0,2.9566797225604E13,3
3.4395394614156E13,4,3807,-1,-1,3
3.5720064140588E13,4,3813,0,2.9566797225604E13,1
3.5273762632236E13,4,3829,0,2.9566797225604E13,1
3.545359245074E13,4,3845,0,2.9566797225604E13,4
3.545359245074E13,4,3845,-1,-1,4
3.465479524846E13,4,3847,0,2.9566797225604E13,1
4.363060141966E13,3,3850,0,3.465479524846E13,1
4.363060141966E13,3,3868,0,3.465479524846E13,2
4.363060141966E13,3,3868,-1,-1,2
4.318265063236E13,3,3880,0,3.465479524846E13,1
3.4395394614156E13,4,3911,0,2.9566797225604E13,4
3.4395394614156E13,4,3911,-1,-1,4
3.5273762632236E13,4,3912,0,2.9566797225604E13,2
3.5273762632236E13,4,3912,-1,-1,2
3.6173947902668E13,4,3915,0,2.9566797225604E13,1
3.5535019187796E13,4,3931,0,2.9566797225604E13,1
3.545359245074E13,4,3947,0,2.9566797225604E13,5
3.545359245074E13,4,3947,-1,-1,5
3.533693398182E13,4,3950,0,2.9566797225604E13,1
3.4395394614156E13,4,3966,0,2.9566797225604E13,5
3.4395394614156E13,4,3966,-1,-1,5
3.5535019187796E13,4,3967,0,2.9566797225604E13,2
3.5535019187796E13,4,3967,-1,-1,2
3.4395394614156E13,4,3968,0,2.9566797225604E13,6
3.4395394614156E13,4,3968,-1,-1,6
3.545359245074E13,4,3971,0,2.9566797225604E13,6
3.545359245074E13,4,3971,-1,-1,6
1.90623702632E11,16,3982,0,3.9038357664E10,1
5.4097950371E11,15,3983,0,1.90623702632E11,1
1.186667530654E12,14,3984,0,5.4097950371E11,1
2.041590926529E12,13,3985,0,1.186667530654E12,1
3.171221515593E12,12,3987,0,2.041590926529E12,1
4.669397410774E12,11,3988,0,3.171221515593E12,1
6.511290788886E12,10,3992,0,4.669397410774E12,1
9.158076031263E12,9,3993,0,6.511290788886E12,1
1.2313180314863E13,8,3994,0,9.158076031263E12,1
1.6742569060018E13,7,3995,0,1.2313180314863E13,1
2.1688081265746E13,6,3998,0,1.6742569060018E13,1
2.7957336927051E13,5,4000,0,2.1688081265746E13,1
2.8199870042837E13,5,4017,0,2.1688081265746E13,1
2.8199870042837E13,5,4034,0,2.1688081265746E13,2
2.8199870042837E13,5,4034,-1,-1,2
2.7957336927051E13,5,4036,0,2.1688081265746E13,2
2.7957336927051E13,5,4036,-1,-1,2
2.8199870042837E13,5,4038,0,2.1688081265746E13,3
2.8199870042837E13,5,4038,-1,-1,3
2.8199870042837E13,5,4040,0,2.1688081265746E13,4
2.8199870042837E13,5,4040,-1,-1,4
2.8199870042837E13,5,4042,0,2.1688081265746E13,5
2.8199870042837E13,5,4042,-1,-1,5
2.8199870042837E13,5,4044,0,2.1688081265746E13,6
2.8199870042837E13,5,4044,-1,-1,6
2.7957336927051E13,5,4046,0,2.1688081265746E13,3
2.7957336927051E13,5,4046,-1,-1,3
2.1701530816354E13,6,4052,0,1.6742569060018E13,1
2.8745398487532E13,5,4054,0,2.1701530816354E13,1
3.5499689220316E13,4,4060,0,2.8745398487532E13,1
3.6096871306796E13,4,4083,0,2.8745398487532E13,1
3.6233662858084E13,4,4100,0,2.8745398487532E13,1
3.5636480771604E13,4,4117,0,2.8745398487532E13,1
3.5682227703548E13,4,4134,0,2.8745398487532E13,1
3.6233662858084E13,4,4151,0,2.8745398487532E13,2
3.6233662858084E13,4,4151,-1,-1,2
2.8745398487532E13,5,4166,0,2.1701530816354E13,2
2.8745398487532E13,5,4166,-1,-1,2
2.7815022938416E13,5,4172,0,2.1701530816354E13,1
3.6217674593184E13,4,4180,0,2.7815022938416E13,1
4.2559410470934E13,3,4181,0,3.6217674593184E13,1
4.3166120560284E13,3,4200,0,3.6217674593184E13,1
4.2559410470934E13,3,4216,0,3.6217674593184E13,2
4.2559410470934E13,3,4216,-1,-1,2
4.2559410470934E13,3,4217,0,3.6217674593184E13,3
4.2559410470934E13,3,4217,-1,-1,3
4.2559410470934E13,3,4218,0,3.6217674593184E13,4
4.2559410470934E13,3,4218,-1,-1,4
4.2559410470934E13,3,4219,0,3.6217674593184E13,5
4.2559410470934E13,3,4219,-1,-1,5
4.2559410470934E13,3,4220,0,3.6217674593184E13,6
4.2559410470934E13,3,4220,-1,-1,6
4.2559410470934E13,3,4221,0,3.6217674593184E13,7
4.2559410470934E13,3,4221,-1,-1,7
4.2559410470934E13,3,4222,0,3.6217674593184E13,8
4.2559410470934E13,3,4222,-1,-1,8
4.2559410470934E13,3,4223,0,3.6217674593184E13,9
4.2559410470934E13,3,4223,-1,-1,9
4.2559410470934E13,3,4224,0,3.6217674593184E13,10
4.2559410470934E13,3,4224,-1,-1,10
4.2559410470934E13,3,4225,0,3.6217674593184E13,11
4.2559410470934E13,3,4225,-1,-1,11
4.2559410470934E13,3,4226,0,3.6217674593184E13,12
4.2559410470934E13,3,4226,-1,-1,12
4.2559410470934E13,3,4227,0,3.6217674593184E13,13
4.2559410470934E13,3,4227,-1,-1,13
4.2559410470934E13,3,4228,0,3.6217674593184E13,14
4.2559410470934E13,3,4228,-1,-1,14
4.2559410470934E13,3,4229,0,3.6217674593184E13,15
4.2559410470934E13,3,4229,-1,-1,15
4.2559410470934E13,3,4230,0,3.6217674593184E13,16
4.2559410470934E13,3,4230,-1,-1,16
3.5610689646672E13,4,4234,0,2.7815022938416E13,1
4.2694947278772E13,3,4236,0,3.5610689646672E13,1
4.2694947278772E13,3,4257,0,3.5610689646672E13,2
4.2694947278772E13,3,4257,-1,-1,2
4.2694947278772E13,3,4259,0,3.5610689646672E13,3
4.2694947278772E13,3,4259,-1,-1,3
1.94367796288E11,16,4268,0,3.9038357664E10,6
4.83349388578E11,15,4269,0,1.94367796288E11,1
1.049608461026E12,14,4271,0,4.83349388578E11,1
1.870533008551E12,13,4272,0,1.049608461026E12,1
2.962781982883E12,12,4275,0,1.870533008551E12,1
4.619053318112E12,11,4276,0,2.962781982883E12,1
6.671949921504E12,10,4278,0,4.619053318112E12,1
8.765531095221E12,9,4279,0,6.671949921504E12,1
1.2879242152621E13,8,4284,0,8.765531095221E12,1
1.6858004847099E13,7,4287,0,1.2879242152621E13,1
2.1499127884635E13,6,4290,0,1.6858004847099E13,1
2.779422620967E13,5,4291,0,2.1499127884635E13,1
3.5440335242778E13,4,4292,0,2.779422620967E13,1
4.3165045169778E13,3,4294,0,3.5440335242778E13,1
4.2813446771478E13,3,4317,0,3.5440335242778E13,1
4.3165045169778E13,3,4334,0,3.5440335242778E13,2
4.3165045169778E13,3,4334,-1,-1,2
4.2834391754628E13,3,4340,0,3.5440335242778E13,1
4.2813446771478E13,3,4360,0,3.5440335242778E13,2
4.2813446771478E13,3,4360,-1,-1,2
4.3603717044378E13,3,4368,0,3.5440335242778E13,1
4.2813446771478E13,3,4385,0,3.5440335242778E13,3
4.2813446771478E13,3,4385,-1,-1,3
4.3165045169778E13,3,4387,0,3.5440335242778E13,3
4.3165045169778E13,3,4387,-1,-1,3
4.2813446771478E13,3,4393,0,3.5440335242778E13,4
4.2813446771478E13,3,4393,-1,-1,4
3.5313398827466E13,4,4403,0,2.779422620967E13,1
3.5999411413018E13,4,4420,0,2.779422620967E13,1
3.4690478211106E13,4,4437,0,2.779422620967E13,1
4.3518424646356E13,3,4449,0,3.4690478211106E13,1
3.5999411413018E13,4,4481,0,2.779422620967E13,2
3.5999411413018E13,4,4481,-1,-1,2
3.5172344802242E13,4,4483,0,2.779422620967E13,1
3.426311530389E13,4,4500,0,2.779422620967E13,1
3.5256150238614E13,4,4516,0,2.779422620967E13,1
3.6203331428842E13,4,4535,0,2.779422620967E13,1
3.523188722927E13,4,4551,0,2.779422620967E13,1
2.06643890608E11,16,4569,0,3.9038357664E10,4
5.69019787396E11,15,4570,0,2.06643890608E11,1
1.086558762692E12,14,4571,0,5.69019787396E11,1
1.954901629967E12,13,4572,0,1.086558762692E12,1
3.050457034559E12,12,4574,0,1.954901629967E12,1
4.488445809859E12,11,4575,0,3.050457034559E12,1
6.616303592707E12,10,4579,0,4.488445809859E12,1
9.699614102233E12,9,4580,0,6.616303592707E12,1
1.2967988283033E13,8,4582,0,9.699614102233E12,1
1.7784441331528E13,7,4584,0,1.2967988283033E13,1
2.2478457948232E13,6,4588,0,1.7784441331528E13,1
2.7863198180454E13,5,4589,0,2.2478457948232E13,1
3.5505032881234E13,4,4594,0,2.7863198180454E13,1
3.5689848782742E13,4,4610,0,2.7863198180454E13,1
3.4106067688686E13,4,4626,0,2.7863198180454E13,1
3.5476538351646E13,4,4644,0,2.7863198180454E13,1
3.4980771888566E13,4,4661,0,2.7863198180454E13,1
3.5695759765246E13,4,4686,0,2.7863198180454E13,1
3.5689848782742E13,4,4702,0,2.7863198180454E13,2
3.5689848782742E13,4,4702,-1,-1,2
3.5505032881234E13,4,4703,0,2.7863198180454E13,2
3.5505032881234E13,4,4703,-1,-1,2
3.5505032881234E13,4,4704,0,2.7863198180454E13,3
3.5505032881234E13,4,4704,-1,-1,3
3.5505032881234E13,4,4705,0,2.7863198180454E13,4
3.5505032881234E13,4,4705,-1,-1,4
3.5689848782742E13,4,4706,0,2.7863198180454E13,3
3.5689848782742E13,4,4706,-1,-1,3
3.4777281770518E13,4,4707,0,2.7863198180454E13,1
3.5505032881234E13,4,4723,0,2.7863198180454E13,5
3.5505032881234E13,4,4723,-1,-1,5
3.4777281770518E13,4,4735,0,2.7863198180454E13,2
3.4777281770518E13,4,4735,-1,-1,2
3.5505032881234E13,4,4736,0,2.7863198180454E13,6
3.5505032881234E13,4,4736,-1,-1,6
2.7946616038978E13,5,4738,0,2.2478457948232E13,1
3.4573697604614E13,4,4740,0,2.7946616038978E13,1
4.2356336502314E13,3,4752,0,3.4573697604614E13,1
4.2356336502314E13,3,4779,0,3.4573697604614E13,2
4.2356336502314E13,3,4779,-1,-1,2
3.4489032332314E13,4,4784,0,2.7946616038978E13,1
3.4573697604614E13,4,4801,0,2.7946616038978E13,2
3.4573697604614E13,4,4801,-1,-1,2
3.4680690020522E13,4,4807,0,2.7946616038978E13,1
3.589554547761E13,4,4823,0,2.7946616038978E13,1
3.5229128846618E13,4,4842,0,2.7946616038978E13,1
1.8153420232E11,16,4859,0,3.9038357664E10,3
5.2582372591E11,15,4860,0,1.8153420232E11,1
1.164109532214E12,14,4862,0,5.2582372591E11,1
1.917381703964E12,13,4863,0,1.164109532214E12,1
3.08040315944E12,12,4864,0,1.917381703964E12,1
4.6739587439E12,11,4865,0,3.08040315944E12,1
7.109839994524E12,10,4867,0,4.6739587439E12,1
9.532404062818E12,9,4869,0,7.109839994524E12,1
1.3039912571218E13,8,4870,0,9.532404062818E12,1
1.6982281028234E13,7,4871,0,1.3039912571218E13,1
2.2807248932234E13,6,4877,0,1.6982281028234E13,1
2.859478710322E13,5,4879,0,2.2807248932234E13,1
2.8179998176408E13,5,4901,0,2.2807248932234E13,1
3.451532632168E13,4,4903,0,2.8179998176408E13,1
3.451532632168E13,4,4920,0,2.8179998176408E13,2
3.451532632168E13,4,4920,-1,-1,2
3.451532632168E13,4,4922,0,2.8179998176408E13,3
3.451532632168E13,4,4922,-1,-1,3
2.7796601829048E13,5,4940,0,2.2807248932234E13,1
3.5002586885528E13,4,4945,0,2.7796601829048E13,1
2.8210255602126E13,5,4977,0,2.2807248932234E13,1
3.5162774611478E13,4,4984,0,2.8210255602126E13,1
3.5162774611478E13,4,5002,0,2.8210255602126E13,2
3.5162774611478E13,4,5002,-1,-1,2
3.5463297064198E13,4,5005,0,2.8210255602126E13,1
3.5162774611478E13,4,5023,0,2.8210255602126E13,3
3.5162774611478E13,4,5023,-1,-1,3
3.587124895187E13,4,5028,0,2.8210255602126E13,1
4.217953297082E13,3,5040,0,3.587124895187E13,1
4.343525452697E13,3,5062,0,3.587124895187E13,1
3.5162774611478E13,4,5095,0,2.8210255602126E13,4
3.5162774611478E13,4,5095,-1,-1,4
3.5463297064198E13,4,5098,0,2.8210255602126E13,2
3.5463297064198E13,4,5098,-1,-1,2
3.5556413504286E13,4,5106,0,2.8210255602126E13,1
3.5162774611478E13,4,5124,0,2.8210255602126E13,5
3.5162774611478E13,4,5124,-1,-1,5
3.587124895187E13,4,5129,0,2.8210255602126E13,2
3.587124895187E13,4,5129,-1,-1,2
2.8179998176408E13,5,5140,0,2.2807248932234E13,2
2.8179998176408E13,5,5140,-1,-1,2
2.2247385599738E13,6,5156,0,1.6982281028234E13,1
2.8260288679285E13,5,5162,0,2.2247385599738E13,1
1.99814425896E11,16,5179,0,3.9038357664E10,2
5.1230408592E11,15,5182,0,1.99814425896E11,1
1.09059249808E12,14,5184,0,5.1230408592E11,1
1.80793876688E12,13,5188,0,1.09059249808E12,1
2.89610937116E12,12,5189,0,1.80793876688E12,1
5.029277401867E12,11,5190,0,2.89610937116E12,1
6.778681413515E12,10,5191,0,5.029277401867E12,1
9.600835813865E12,9,5192,0,6.778681413515E12,1
1.2744117450365E13,8,5193,0,9.600835813865E12,1
1.7231442260454E13,7,5196,0,1.2744117450365E13,1
2.2812199345638E13,6,5200,0,1.7231442260454E13,1
2.7298914628467E13,5,5205,0,2.2812199345638E13,1
3.5271043765859E13,4,5208,0,2.7298914628467E13,1
3.5376104926147E13,4,5226,0,2.7298914628467E13,1
4.3920337479997E13,3,5231,0,3.5376104926147E13,1
4.3920337479997E13,3,5249,0,3.5376104926147E13,2
4.3920337479997E13,3,5249,-1,-1,2
3.5376104926147E13,4,5264,0,2.7298914628467E13,2
3.5376104926147E13,4,5264,-1,-1,2
3.5376104926147E13,4,5267,0,2.7298914628467E13,3
3.5376104926147E13,4,5267,-1,-1,3
3.5376104926147E13,4,5270,0,2.7298914628467E13,4
3.5376104926147E13,4,5270,-1,-1,4
3.5376104926147E13,4,5273,0,2.7298914628467E13,5
3.5376104926147E13,4,5273,-1,-1,5
3.5271043765859E13,4,5276,0,2.7298914628467E13,2
3.5271043765859E13,4,5276,-1,-1,2
2.8240175097135E13,5,5279,0,2.2812199345638E13,1
3.4832536815287E13,4,5286,0,2.8240175097135E13,1
3.4832536815287E13,4,5305,0,2.8240175097135E13,2
3.4832536815287E13,4,5305,-1,-1,2
3.4832536815287E13,4,5314,0,2.8240175097135E13,3
3.4832536815287E13,4,5314,-1,-1,3
3.5072004284871E13,4,5316,0,2.8240175097135E13,1
2.8954380602655E13,5,5348,0,2.2812199345638E13,1
3.4607741303671E13,4,5352,0,2.8954380602655E13,1
3.5041108599543E13,4,5369,0,2.8954380602655E13,1
3.6470356817367E13,4,5388,0,2.8954380602655E13,1
4.2895397706717E13,3,5390,0,3.6470356817367E13,1
4.2895397706717E13,3,5407,0,3.6470356817367E13,2
4.2895397706717E13,3,5407,-1,-1,2
4.3127591629017E13,3,5409,0,3.6470356817367E13,1
4.3127591629017E13,3,5426,0,3.6470356817367E13,2
4.3127591629017E13,3,5426,-1,-1,2
4.3127591629017E13,3,5428,0,3.6470356817367E13,3
4.3127591629017E13,3,5428,-1,-1,3
4.3127591629017E13,3,5430,0,3.6470356817367E13,4
4.3127591629017E13,3,5430,-1,-1,4
4.3127591629017E13,3,5432,0,3.6470356817367E13,5
4.3127591629017E13,3,5432,-1,-1,5
4.2895397706717E13,3,5434,0,3.6470356817367E13,3
4.2895397706717E13,3,5434,-1,-1,3
4.3127591629017E13,3,5436,0,3.6470356817367E13,6
4.3127591629017E13,3,5436,-1,-1,6
4.3127591629017E13,3,5438,0,3.6470356817367E13,7
4.3127591629017E13,3,5438,-1,-1,7
3.5186645462287E13,4,5444,0,2.8954380602655E13,1
3.6558204767263E13,4,5465,0,2.8954380602655E13,1
1.94367796288E11,16,5482,0,3.9038357664E10,7
5.2515456073E11,15,5483,0,1.94367796288E11,1
1.069544523194E12,14,5489,0,5.2515456073E11,1
2.014523572594E12,13,5490,0,1.069544523194E12,1
3.051936808978E12,12,5491,0,2.014523572594E12,1
4.503159127762E12,11,5492,0,3.051936808978E12,1
6.73817529973E12,10,5493,0,4.503159127762E12,1
9.814567239697E12,9,5495,0,6.73817529973E12,1
1.3166464987497E13,8,5496,0,9.814567239697E12,1
1.8134864922545E13,7,5497,0,1.3166464987497E13,1
1.6666393779395E13,7,5513,0,1.3166464987497E13,1
2.1688822881251E13,6,5519,0,1.6666393779395E13,1
2.8360380460067E13,5,5529,0,2.1688822881251E13,1
3.4579355439347E13,4,5532,0,2.8360380460067E13,1
3.5926198328963E13,4,5551,0,2.8360380460067E13,1
3.4261554892395E13,4,5571,0,2.8360380460067E13,1
3.5384849538659E13,4,5589,0,2.8360380460067E13,1
3.5551901291611E13,4,5607,0,2.8360380460067E13,1
4.2846547509661E13,3,5611,0,3.5551901291611E13,1
4.2282069086011E13,3,5629,0,3.5551901291611E13,1
4.2846547509661E13,3,5653,0,3.5551901291611E13,2
4.2846547509661E13,3,5653,-1,-1,2
4.2846547509661E13,3,5655,0,3.5551901291611E13,3
4.2846547509661E13,3,5655,-1,-1,3
4.2846547509661E13,3,5657,0,3.5551901291611E13,4
4.2846547509661E13,3,5657,-1,-1,4
3.4579355439347E13,4,5662,0,2.8360380460067E13,2
3.4579355439347E13,4,5662,-1,-1,2
3.5993524962435E13,4,5664,0,2.8360380460067E13,1
2.7339079227089E13,5,5700,0,2.1688822881251E13,1
2.7448420335303E13,5,5718,0,2.1688822881251E13,1
3.5265387490951E13,4,5728,0,2.7448420335303E13,1
3.4707590501383E13,4,5747,0,2.7448420335303E13,1
3.5265387490951E13,4,5772,0,2.7448420335303E13,2
3.5265387490951E13,4,5772,-1,-1,2
3.5750280647055E13,4,5775,0,2.7448420335303E13,1
1.90623702632E11,16,5792,0,3.9038357664E10,2
5.57738731976E11,15,5793,0,1.90623702632E11,1
1.068082019272E12,14,5795,0,5.57738731976E11,1
1.932160431647E12,13,5802,0,1.068082019272E12,1
3.165081824135E12,12,5803,0,1.932160431647E12,1
4.45000008964E12,11,5804,0,3.165081824135E12,1
6.813731018216E12,10,5806,0,4.45000008964E12,1
9.628771418849E12,9,5807,0,6.813731018216E12,1
1.3757258368849E13,8,5808,0,9.628771418849E12,1
1.8119079098896E13,7,5809,0,1.3757258368849E13,1
2.2510289057008E13,6,5810,0,1.8119079098896E13,1
2.9140439970329E13,5,5816,0,2.2510289057008E13,1
3.6027422382457E13,4,5818,0,2.9140439970329E13,1
3.6027422382457E13,4,5835,0,2.9140439970329E13,2
3.6027422382457E13,4,5835,-1,-1,2
3.7108287137273E13,4,5837,0,2.9140439970329E13,1
3.6027422382457E13,4,5864,0,2.9140439970329E13,3
3.6027422382457E13,4,5864,-1,-1,3
2.8309982243893E13,5,5870,0,2.2510289057008E13,1
3.4774579570605E13,4,5879,0,2.8309982243893E13,1
3.5016243889725E13,4,5898,0,2.8309982243893E13,1
3.5449868598669E13,4,5914,0,2.8309982243893E13,1
2.8126602516557E13,5,5947,0,2.2510289057008E13,1
2.8715178857455E13,5,5969,0,2.2510289057008E13,1
3.6073146954823E13,4,5978,0,2.8715178857455E13,1
4.1700150314323E13,3,5985,0,3.6073146954823E13,1
4.2325065165373E13,3,6004,0,3.6073146954823E13,1
4.1700150314323E13,3,6033,0,3.6073146954823E13,2
4.1700150314323E13,3,6033,-1,-1,2
2.8604291752789E13,5,6052,0,2.2510289057008E13,1
3.5311791379505E13,4,6060,0,2.8604291752789E13,1
4.1301447218555E13,3,6061,0,3.5311791379505E13,1
3.5243627157085E13,4,6092,0,2.8604291752789E13,1
1.94367796288E11,16,6094,0,3.9038357664E10,8
4.83349388578E11,15,6095,0,1.94367796288E11,2
4.83349388578E11,15,6095,-1,-1,2
